<?xml version="1.0" encoding="UTF-8"?>
<!DOCTYPE hibernate-configuration PUBLIC
        "-//Hibernate/Hibernate Configuration DTD 3.0//EN"
        "http://hibernate.org/dtd/hibernate-configuration-3.0.dtd">
<hibernate-configuration>
  <session-factory>
    <property name="hibernate.connection.driver_class">org.postgresql.Driver</property>
    <property name="hibernate.connection.password">Vckhanhitiu1</property>
    <property name="hibernate.connection.url">jdbc:postgresql://localhost:5432/sharingbookdb</property>
    <property name="hibernate.connection.username">postgres</property>
    <property name="hibernate.show_sql">true</property>

    <property name="dialect">org.hibernate.dialect.PostgreSQLDialect</property>
    <mapping class = "com.iu.edu.prethesis.entity.BookEntity" />
    <mapping class="com.iu.edu.prethesis.entity.AuthorsEntity"/>

  </session-factory>
</hibernate-configuration>